year,data_type,scenario,station_count,chla,chla_lower,chla_upper,chloride,chloride_lower,chloride_upper,chromium,chromium_lower,chromium_upper,copper,copper_lower,copper_upper,dissolved_oxygen,dissolved_oxygen_lower,dissolved_oxygen_upper,conductivity,conductivity_lower,conductivity_upper,iron,iron_lower,iron_upper,manganese,manganese_lower,manganese_upper,lead,lead_lower,lead_upper,pH,pH_lower,pH_upper,tds,tds_lower,tds_upper,temperature,temperature_lower,temperature_upper,total_nitrogen,total_nitrogen_lower,total_nitrogen_upper,total_phosphorus,total_phosphorus_lower,total_phosphorus_upper,tss,tss_lower,tss_upper,turbidity,turbidity_lower,turbidity_upper,zinc,zinc_lower,zinc_upper
2019,Future Projection,High Impact,18,0.03553342816952344,0.0,0.1350270270441891,47.853399461100786,7.297693705122894,95.29243152880154,0.09136069905643007,0.01725702093288124,0.23652269866831344,0.0859653090336323,0.024272557844790297,0.2326120126792404,4.608638861923724,2.2225210788671124,6.3583255640480125,434.17752056171594,98.50989568426154,935.7355687932285,20.799818587444665,6.533152138816893,35.21028373285252,4.875152172741598,1.7246615740807618,7.808402726884869,0.1766271727577658,0.08074385040355009,0.4471190716096586,7.1489925652816755,6.739992565281676,7.688992565281676,325.97886896756586,131.38173601833262,552.311239865795,21.62590334050442,19.878775724148262,23.488171172265137,0.22456004880918323,0.05818146719147021,1.0503285919302257,0.05537361744444989,0.02013586088889087,0.20035181584446415,136.29148197046058,64.33749220728382,385.0449936487386,89.72375936186558,46.77594614486091,207.52015684085754,0.7737756555559019,0.3982365373927709,1.8508713680897175
2020,Future Projection,High Impact,18,0.03604084074023169,0.0,0.13695519481288046,48.11346507314249,7.337353984252248,95.81031081862348,0.09265503603679673,0.017501506806950496,0.23987359329526264,0.08688353939015969,0.024531822886633328,0.23509663599690275,4.597831813089755,2.2173093678709908,6.34341557935803,435.85408198130773,98.89028822586197,939.3488792003376,21.184893939406848,6.654102994647721,35.86214578367352,4.96566371925858,1.756681453821393,7.953372685071901,0.17817498736369863,0.08145142279483365,0.4510372537263914,7.148034263734344,6.739034263734343,7.688034263734344,327.2904897020455,131.9103684712255,554.5335399688307,21.650543360185083,19.901391892546904,23.51496842024641,0.2288977014136378,0.05930531354807888,1.0706169761574242,0.05572901335111738,0.020265095764042684,0.20163770285222474,138.1382767479003,65.2092865621778,390.26248100061827,90.57392956529509,47.21916782808529,209.4864972529391,0.7963917587074698,0.4098762918147778,1.9049690868282678
2021,Future Projection,High Impact,18,0.03652350650785093,0.0,0.13878932472983355,48.360847135617355,7.375080008744,96.30293283744165,0.09388624745774088,0.017734068964239947,0.2430610628628181,0.08775698712375832,0.024778443423178823,0.23746008280546377,4.587551830246868,2.2123518350194855,6.3292327632020635,437.4488765356061,99.2521288042929,942.7859663794343,21.55118894484324,6.769155007632547,36.48221614712983,5.051760965562599,1.7871397055996554,8.091272374968044,0.1796473141605339,0.08212448647338692,0.4547643438463801,7.147122699104976,6.738122699104975,7.687122699104976,328.5381419384677,132.41321921516317,556.6474572169093,21.67398167192561,19.922905057397152,23.540458751021845,0.2330238042042571,0.060374349271102974,1.089915884209912,0.05606707639488661,0.020388027779958767,0.20286087641058975,139.89500228121523,66.03856300466656,395.2255084916864,91.38263647863101,47.64077333474504,211.3569381114959,0.8179048614927843,0.420948368714953,1.9564284286907403
2022,Future Projection,High Impact,18,0.03698263238820958,0.0,0.1405340030751964,48.59616423253711,7.41096611330999,96.77152939689842,0.0950574119891243,0.01795528893127904,0.24609307770517738,0.0885878363087208,0.025013036134227055,0.2397082629530093,4.577773208083352,2.207636083898205,6.315741651152225,438.9658920416882,99.59632220947475,946.0554248387654,21.89961953206199,6.878595867731753,37.07204532211033,5.133659199615466,1.8161124909099902,8.22244661762678,0.1810478347321645,0.08276472444898948,0.4583096616362793,7.146255592007186,6.737255592007187,7.686255592007187,329.7249454572966,132.8915456389288,558.6582775042411,21.696276883713818,19.943369012816845,23.564705903695693,0.2369486745872087,0.06139124750668589,1.108273573410172,0.056388651909456175,0.020504964330711337,0.20402439509057782,141.5660512992761,66.82739515780715,399.9464862757965,92.15190229039328,48.04181689821134,213.13615649294357,0.8383687578744838,0.4314804540527344,2.005378068835766
2023,Future Projection,High Impact,18,0.03741936643515651,0.0,0.14219359245359475,48.82000477921528,7.445102031903868,97.2172722324735,0.09617145815230779,0.0181657198732137,0.24897721943875245,0.08937816450077954,0.02523618762374952,0.24184679806093298,4.568471494950339,2.203150322673021,6.302908508401182,440.40892182849734,99.92372910420285,949.1654299274638,22.231056959020524,6.982699234100783,37.63310818878076,5.2115632096612,1.8436722568069226,8.347223416980366,0.18238005110951805,0.08337373765006541,0.4616820722372372,7.145430774221577,6.736430774221577,7.685430774221578,330.85386788550767,133.3465438077308,560.5710289289343,21.717484745192237,19.962834929353725,23.587770508779418,0.24068212678282364,0.06235855103009522,1.1257359475432982,0.056694544001113706,0.020616197818586802,0.2051311682949387,143.15560229503862,67.57775551286672,404.4372192564561,92.88365056580398,48.423301336287096,214.8286013699891,0.8578346182526901,0.44149888352738453,2.0519404068604348
2024,Future Projection,High Impact,18,0.037834800711293706,0.0,0.1437722427029161,49.03292849361187,7.477573122102727,97.64127593343291,0.09723117164298006,0.018365887977007347,0.2517206999201595,0.09012994793207828,0.02544845588670446,0.24388103558091778,4.559623431719953,2.1988833346043415,6.290701245407572,441.7815742221412,100.2351681762526,952.1237582781807,22.54632999192429,7.081725419380583,38.16680769655239,5.2856677963033025,1.869887917060436,8.465914780020519,0.18364729452745854,0.08395304892683819,0.46489000843236644,7.1446461832740535,6.735646183274053,7.684646183274054,331.9277321172008,133.77935145398925,562.390494365858,21.737658287061244,19.981351481938486,23.609710239799544,0.24423349636625938,0.06327867860398538,1.142346671640368,0.05698551755942041,0.020722006385243786,0.2061839635331757,144.66762997395233,68.29152036157821,408.70893660523535,93.57971105670228,48.78618055877387,216.43850473638028,0.8763511174176625,0.451028708430957,2.096231872863049
2025,Future Projection,High Impact,18,0.03822997401870157,0.0,0.14527390127106599,49.235467795919895,7.508460578545498,98.0446007298827,0.09823920229684789,0.01855629376718238,0.2543303792796173,0.09084506645278174,0.025650371704314848,0.24581606216635069,4.551206893625368,2.19482444999942,6.2790893376554315,443.0872815685865,100.53141818552554,954.9378072527173,22.84622697757393,7.175922040614789,38.67447837218632,5.3561582596077315,1.8948250244762916,8.57881749697841,0.18485273375460837,0.08450410685924954,0.46794149173309435,7.143899857278573,6.734899857278572,7.683899857278573,332.94922337230616,134.19105082225917,564.1212234263219,21.75684795368344,19.99896497159742,23.630579957511518,0.24761166361130027,0.06415393102656416,1.158147281163764,0.05726230016983343,0.020822654607212155,0.20718541334176097,146.10591519279458,68.97047448784686,412.7723198405443,94.24182427687717,49.131361952743234,217.96989218909434,0.8939645562621272,0.46009375828957483,2.1383632185790082
2026,Future Projection,High Impact,18,0.0386058744964852,0.0,0.14670232308664374,49.42812913989313,7.537841635961845,98.4282551438965,0.09919807071560566,0.018737413357392183,0.2568127830748458,0.0915253082316803,0.025842439971297974,0.2476567163916056,4.543200834937366,2.1909635195325654,6.268043749327006,444.32930881631205,100.81321991135455,957.6146134392827,23.13149781464294,7.265524638421313,39.157389656805464,5.423210862449594,1.9185459348121885,8.68621388345483,0.1859993830169207,0.08502828937916375,0.47084415243711925,7.143189930031401,6.7341899300314,7.683189930031401,333.92089591103263,134.58267137540588,565.7675438344737,21.775101729220832,20.015719441229137,23.650431847080178,0.2508250756956677,0.06498649688478664,1.1731772858674643,0.05752558393304841,0.02091839415747215,0.20813802186684788,147.47405441378177,69.61631563063978,416.63752953699316,94.87164585425843,49.45970865147707,219.42659299442715,0.9107189775576258,0.46871670044965813,2.1784397943178413
2027,Future Projection,High Impact,18,0.03896344209163685,0.0,0.14806107994822004,49.61139427924434,7.565789762299221,98.79319851134599,0.10011017456975252,0.018909699640953254,0.2591741186083593,0.09217237422754332,0.026025140958365178,0.24940760085099967,4.53558523633906,2.1872908888665425,6.257536860698088,445.5107616803803,101.0812780048382,960.1608702476291,23.40285582881493,7.350757265966583,39.61674908015864,5.486993271262131,1.9411099626996369,8.78837248635625,0.1870901095348142,0.08552690721591506,0.47360524870812964,7.142514626344635,6.733514626344635,7.682514626344636,334.84517942084847,134.95519236879827,567.3335722488636,21.792465257620233,20.031656785734732,23.66931554856982,0.2538817678233642,0.06577845802696254,1.1874742685920083,0.05777602719561177,0.021009464434767918,0.20904417112594081,148.77546869759828,70.23065872921757,420.3142307321207,95.47075067084894,49.77204169275036,220.81224966315364,0.9266562760843855,0.47691909675809707,2.2165618123938504
2028,Future Projection,High Impact,18,0.03930357090939307,0.0,0.14935356945569367,49.785721472280414,7.592374842430995,99.14034338074035,0.10097779459401753,0.019073583423314423,0.26142029044895654,0.09278788244240208,0.02619893151314883,0.25107309366767633,4.528341054867164,2.183797374511698,6.247542399074309,446.63459440834265,101.3362627508354,962.5829446460635,23.660979556469407,7.431833049215152,40.05370528007386,5.547664975290152,1.9625735299614322,8.885548755401967,0.18812764069271773,0.08600120717381382,0.476231684724994,7.141872257607311,6.732872257607311,7.681872257607312,335.72438509196616,135.30954529895735,568.8232245562356,21.808981956746894,20.04681685677686,23.687278281070256,0.2567893833168688,0.06653179476846147,1.201073979241173,0.05801425619613,0.021096093162229095,0.20990612696417948,150.01341225783005,70.8150399613237,423.81161709402306,96.04063680074995,50.06914207185332,222.13032705870185,0.9418163033900913,0.48472145747810036,2.2528245977090986
2029,Future Projection,High Impact,18,0.03962711144896343,0.0,0.15058302350606104,49.95154662778696,7.617663352905048,99.4705577950727,0.10180310029038442,0.019229474499294838,0.26355691519621743,0.09337337196739764,0.02636424620255934,0.2526573594411937,4.521450176294675,2.180474240862454,6.238035373095726,447.7036171673973,101.5788117440268,964.8868930821842,23.906514441376157,7.508954719855635,40.469350874651234,5.605377685396204,1.9829903066956025,8.977985681881451,0.18911457085895184,0.08645237524980656,0.4787300279458038,7.14126121756299,6.732261217562989,7.68126121756299,336.5607113965211,135.64661623278272,570.2402256632831,21.8246931269518,20.06123756242965,23.70436496076911,0.2595551927294245,0.06724839084353272,1.214010424175354,0.058240866631192344,0.021178496956797216,0.21072604472013234,151.19098059819368,71.37092058442904,427.138433910312,96.58272925612663,50.351752694486365,223.38412106111662,0.9562369674395127,0.4921432925755359,2.287318826115315
2030,Future Projection,High Impact,18,0.03993487273022159,0.0,0.15175251637484205,50.10928439502719,7.641718528169761,99.78466746237991,0.10258815535297666,0.01937776267778448,0.26558933552492847,0.09393030683131037,0.026521498399428814,0.25416435966119283,4.514895369835861,2.1773131783537445,6.228992010245406,448.720503071271,101.80953148323346,967.0784766271546,24.140074448640853,7.582315122235514,40.86472519437732,5.660275713416759,2.0024113454786066,9.065914406259145,0.19005336787300114,0.08688153959908623,0.48110652552994,7.1406799782932815,6.731679978293282,7.680679978293282,337.3562495858978,135.96724802318133,571.5881188108568,21.839638054344046,20.074954961968647,23.720618313265675,0.26218611202520853,0.0679300381156222,1.2263159512451802,0.058456425144922546,0.021256881870880928,0.21150597461526524,152.31111825290805,71.89969058963663,430.30299995588985,97.09838355048075,50.62058023441139,224.57676680847604,0.969954327404162,0.49920316050400876,2.320130751150756
2031,Future Projection,High Impact,18,0.04022762431667638,0.0,0.1528649724033703,50.259329200581135,7.66460051869308,100.08345782044266,0.10333492282836765,0.019518818756469446,0.2675226335445518,0.09446007966139444,0.02667108131615844,0.25559786261318507,4.50866024506033,2.1743062826827737,6.220389697405745,449.68779486439576,102.02899888797997,969.1631753813821,24.362243599937635,7.6520976955724676,41.24081688099273,5.712496333016977,2.0208852090233695,9.14955479614602,0.19094637921639823,0.08728977335606776,0.48336711995922516,7.140127086397261,6.73112708639726,7.680127086397261,338.11298891994693,136.27224241663885,572.8702744339118,21.853854109026578,20.088003356037778,23.73607898040719,0.26468871987284504,0.06857844105796439,1.238021330677989,0.05866147074588436,0.021331443907594314,0.21224786688056343,153.3766261495636,72.40267217738351,433.3132282942194,97.58888908814055,50.87629690050421,225.71124653637,0.9830026838290047,0.5059187146106612,2.3513424197189794
2032,Future Projection,High Impact,18,0.04050609823978146,0.0,0.15392317331116956,50.40205623461753,7.686366541370006,100.36767600078905,0.10404527002421966,0.019652995449019273,0.2693616435071465,0.09496401516567146,0.026813368987954292,0.25696145280122873,4.502729210908411,2.171446035044143,6.212206924313898,450.60791128009396,102.23776274109366,971.1462021776232,24.573577433867477,7.718476932647957,41.59856635961141,5.762170122946362,2.0384580916113593,9.229115996083129,0.19179583788265042,0.08767809731778306,0.48551746389722367,7.139601159357197,6.730601159357197,7.679601159357198,338.83282164117145,136.56236205800337,574.0898985893508,21.867376838540913,20.100415372418812,23.750785621914613,0.2670692740955032,0.0691952210156531,1.2491558320194223,0.05885651615488367,0.021402369510866787,0.21295357663312456,154.3901686129002,72.8811230636304,436.1766460641043,98.05547238844309,51.11954211762692,226.79039703504228,0.9954146644016877,0.5123067472787354,2.3810318772488372
2033,Future Projection,High Impact,18,0.04077099082939514,0.0,0.1549297651517016,50.53782238906468,7.707071022594647,100.63803269691259,0.10472097317852569,0.019780628267054852,0.27111096389551653,0.09544337344539033,0.026948717208110217,0.2582585399110563,4.497087436705388,2.168725283328919,6.204423229774922,451.48315308867234,102.43634506094756,973.0325156157811,24.774604395094094,7.78161881613007,41.93886819027329,5.809421293553662,2.055173934602352,9.30479695051189,0.1926038679608867,0.08804748249640534,0.4875629343238445,7.139100882081548,6.730100882081548,7.679100882081549,339.51754770631874,136.83833239749492,575.2500409728362,21.88024005675451,20.112222047617838,23.764775012052056,0.26933372731871513,0.06978192025984892,1.259747297322536,0.059042049087037585,0.021469836031650032,0.21362486851491783,155.3542800270069,73.3362396248069,438.9004133014571,98.49930015267151,51.35092412552312,227.81691674284394,1.0072213055387553,0.5183832319172794,2.409273362848703
2034,Future Projection,High Impact,18,0.041022964454967885,0.0,0.155887264928878,50.66696715002611,7.726765734354549,100.89520394137608,0.10536372190112951,0.019902036359102246,0.2727749689218131,0.09589935314593698,0.027077464417676327,0.2594923673360649,4.491720815077083,2.1661372242406367,6.1970191504981225,452.3157088505452,102.62524240677818,974.826832461988,24.96582715573082,7.841681233616653,42.262573304810324,5.854367997377427,2.0710745363107175,9.376786901238825,0.1933724899471866,0.0883988525472853,0.48950864598059235,7.138625003616543,6.729625003616542,7.678625003616543,340.1688792872094,137.1008435047087,576.3536025446178,21.89247592841306,20.123452904472675,23.77808213158161,0.27148774185503977,0.07034000584426031,1.2698222107674364,0.05921853347131628,0.021534012171387742,0.21426342110530805,156.27137117260222,73.76915988937554,441.4913408431181,98.92148218141597,51.57102149973403,228.7933724937348,1.0184521299928546,0.5241633629029891,2.436137494942908
2035,Future Projection,High Impact,18,0.0412626491818108,0.0,0.15679806689088105,50.78981344667273,7.745499923687629,101.13983279624524,0.10597512339863052,0.020017523308630214,0.2743578194653435,0.09633309445407198,0.027199932551737974,0.260666020287489,4.486615926674077,2.1636753862835163,6.189976172428694,453.10766038877637,102.80492712034237,976.5336394429773,25.147723872282725,7.898814372436536,42.57049113461933,5.897122624588912,2.0861996565229814,9.445265860638642,0.1941036257968733,0.08873308607857064,0.4913594641600849,7.138172334018142,6.729172334018142,7.678172334018143,340.78844505205916,137.35055179414874,577.4033427834449,21.904115049569086,20.13413602597535,23.790740255233473,0.27353670386279405,0.0708708732735421,1.2794057648855235,0.05938641061060708,0.021595058403857118,0.21487083111837835,157.14373525524152,74.1809663834959,443.9559073574953,99.32307414965311,51.7803845983388,229.72220593570512,1.0291352206749957,0.5296615935740645,2.46169144785459
2036,Future Projection,High Impact,18,0.0414906443465872,0.0,0.15766444851703137,50.90666845873395,7.763320435825421,101.3725309610787,0.10655670649323729,0.020127377893167042,0.27586347347693657,0.09674568194899141,0.027316427844421114,0.2617824335090357,4.481760006616346,2.1613336135803505,6.183276684452941,453.8609879947204,102.97584850701762,978.1572044652377,25.320749381286966,7.953161095196093,42.86339163466206,5.937792084026036,2.100587115917997,9.510405061778938,0.19479910373040257,0.08905101884818403,0.49312001687181906,7.137741741376567,6.728741741376567,7.677741741376567,341.3777942379975,137.58808166660586,578.4018865866996,21.91518652408803,20.144298125494213,23.80278103491009,0.275485736814254,0.07137584999278399,1.288521923553943,0.059546100285201485,0.021653127376436904,0.21544861739554722,157.97355363952562,74.57268883790364,446.3002755446101,99.70508024648342,51.9795369381363,230.60573963616758,1.039297290876458,0.5348916723710837,2.4859991197764875
2037,Future Projection,High Impact,18,0.041707520055966396,0.0,0.15848857621267232,51.01782438460695,7.780271831330562,101.59388030249559,0.10710992544561941,0.020231874806394778,0.2772956958758814,0.09713814731433983,0.027427241594637136,0.26284439861527253,4.477140912574408,2.1591060504796067,6.176903934361316,454.57757537978307,103.13843395929955,979.7015872870018,25.485336336641016,8.004857297010167,43.142007208753675,5.976478070521166,2.1142728906383454,9.57236738659206,0.19546066280486657,0.08935344585365329,0.4947947064146051,7.137332148985928,6.728332148985928,7.677332148985928,341.9384005249676,137.81402707048494,579.3517308340082,21.925718036423056,20.153964613571258,23.81423457883242,0.2773397143070041,0.0718561987068147,1.2971934819177606,0.05969800180246462,0.02170836429180532,0.21599822470346294,158.76290130364828,74.94530676277394,448.5303075460571,100.06845568612707,52.16897650370984,231.44618288958543,1.0489637510659306,0.5398666772152656,2.509121292549706
2038,Future Projection,High Impact,18,0.04191381861218735,0.0,0.15927251072631193,51.12355917200499,7.7963964975214,101.8044343091452,0.10763616359131675,0.0203312753450265,0.27865806796418674,0.09751147191795664,0.027532650894481883,0.26385457107211807,4.472747094407182,2.156987126913247,6.170841986959172,455.2592143856807,103.29309002550589,981.1706496697573,25.64189629146277,8.05403224531064,43.407034540953774,6.01327731919117,2.127291202249429,9.631307773164771,0.19608995726254222,0.0896411233200193,0.4963877203846069,7.136942532651899,6.727942532651899,7.6769425326519,342.47166572069375,138.02895298698542,580.255250630741,21.935735920840624,20.16315966146173,23.825129526826153,0.27910327225047016,0.07231312053762182,1.3054421233896993,0.05984249499531163,0.021760907271022412,0.21652102734667303,159.51375202792266,75.29975189700696,450.6515796034116,100.41410909645701,52.34917699264803,232.2456372418596,1.0581587724289219,0.5445990482100852,2.5311157836499816
2039,Future Projection,High Impact,18,0.04211005586909674,0.0,0.16001821230256763,51.224137212971314,7.8117347544623765,102.00471947571683,0.10813673679979877,0.020425828062184213,0.27995399638170126,0.09786658926580705,0.027632919322110233,0.2648154768368898,4.46856756528061,2.154971544468658,6.1650756842204775,455.907609464978,103.4402034263589,982.5680650346615,25.79082072718773,8.100808903082353,43.65913633763944,6.0482818473255975,2.13967460331121,9.687373603164179,0.19668856066735851,0.08991477059079246,0.49790304214651326,7.136571918130706,6.727571918130706,7.676571918130707,342.97892326593046,138.2333968428485,581.114705247012,21.945265227269864,20.171906261574836,23.835493121936196,0.280780820458107,0.07274775802778227,1.3132884738699644,0.05997994117198776,0.02181088769890464,0.2170183326041012,160.22798333026014,75.6369105380605,452.66939600173845,100.74290479104187,52.52058900003545,233.006101745288,1.0669053473083117,0.5491006187480112,2.5520375907614823
2040,Future Projection,High Impact,18,0.04229672252205226,0.0,0.1607275455837986,51.31981000499712,7.826324955785187,102.19523661945078,0.10861289676482358,0.02051576938891112,0.2811867216244877,0.098204387336233,0.027728297600818734,0.2657295186745129,4.464591874194857,2.1530542631398575,6.159590607384852,456.52438194310696,103.58014202198865,983.8973276480077,25.93248203247647,8.145304236334605,43.89894298461634,6.081579184477828,2.1514540587765705,9.740705070368671,0.19725796983962607,0.0901750719266862,0.49934446079402484,7.136219378692999,6.7272193786929995,7.676219378693,343.4614415687597,138.42786985420378,581.9322437670321,21.954329783940437,20.180226284966768,23.84535127854848,0.28237655367422954,0.07316119799741402,1.3207521533217377,0.06011068401952721,0.02185843055255535,0.21749138399792578,160.907381160943,75.95762575815532,454.58880233306695,101.05566493038012,52.6836411451751,233.72947795723735,1.0752253466971862,0.5533826451001519,2.5719390292996698
2041,Future Projection,High Impact,18,0.0424742853349166,0.0,0.1614022842726831,51.410816779896216,7.8402035845928335,102.37646213244236,0.10906583413432441,0.02060132422537239,0.282359326147751,0.09852571080036172,0.027819024225984493,0.2665989821656848,4.460810079851363,2.151230488724857,6.154373040903158,457.1110740725255,103.71325573177496,985.1617613587114,26.067234434380303,8.187629506577112,44.12705412341162,6.11325259133455,2.162659023419817,9.79143553122538,0.19779960859886758,0.09042267821662517,0.5007155806245619,7.1358840328065565,6.726884032806556,7.6758840328065565,343.920427176271,138.61285830487623,582.709910462938,21.962952256965547,20.188140536029707,23.85472864718942,0.2838944620630585,0.07355447426179243,1.3278518248313058,0.06023505046314975,0.02190365471387264,0.21794136440303277,161.5536443684305,76.26269951239472,456.41459811299967,101.35317157772963,52.83874114335989,234.41757469502747,1.0831395749277113,0.5574558345627956,2.5908698632270863
2042,Future Projection,High Impact,18,0.042643188307210284,0.0,0.16204411556739912,51.49738510200915,7.853405344686388,102.54884917287018,0.10949668148764954,0.020682706503222695,0.28347474207358164,0.09883136313422347,0.02790532606142781,0.26742604142201654,4.457212725794422,2.1494956608376565,6.149409938141482,457.6691528891514,103.83987740932817,986.3645279096634,26.195414884093374,8.22789054903173,44.344040150690056,6.143381267910847,2.1733175154889626,9.839691838310763,0.19831483132410815,0.09065820860530657,0.5020198301518851,7.1355650419319865,6.726565041931986,7.6755650419319865,344.3570277915581,138.78882476234864,583.4496499065377,21.97115420701899,20.195668804513662,23.863648676165074,0.2853383411862091,0.0739285702164269,1.3346052412754965,0.060353351483744024,0.02194667326681601,0.21836939900481933,162.1683889473648,76.55289464407015,458.1513487820008,101.63616865467301,52.986276825373274,235.0721125589164,1.0906678216928014,0.5613303722312285,2.608877429489181
2043,Future Projection,High Impact,18,0.042803853784341664,0.0,0.16265464438049834,51.57973143723262,7.865963247342579,102.71282879812772,0.10990651616760069,0.020760119720546796,0.2845357585227885,0.09912210862786008,0.027987418906689907,0.268212764522445,4.453790816765112,2.1478454415049075,6.144688888757754,458.2000138807165,103.96032367479641,987.5086348437341,26.317343899506177,8.266188037275636,44.550443644542824,6.172040551591486,2.183456186765942,9.885594657528122,0.1988049263405284,0.09088225204138442,0.5032604706791661,7.135261608425948,6.726261608425947,7.675261608425948,344.7723351435743,138.95620923442158,584.1533118317537,21.978956143248112,20.20282991501114,23.872133670194117,0.2867118014935722,0.0742844212960619,1.3410292897131177,0.06046588289548176,0.021987593780175185,0.21877655811274313,162.75315207939946,76.82893679216667,459.80339712137607,101.90536380130928,53.12661710726819,235.69472823449738,1.0978289115306572,0.5650159464677783,2.6260067563813325
2044,Future Projection,High Impact,18,0.04295668351369049,0.0,0.16323539735202386,51.65806169429698,7.877908693859162,102.86881104269128,0.11029636297435104,0.020833757450710755,0.28554502858915326,0.09939867429644822,0.028065508036644208,0.268961118684507,4.450535796208468,2.1462757043187164,6.140198087669432,458.70498447621287,104.07489570658103,988.5969430241975,26.43332636666724,8.302617734977709,44.74678072121533,6.199302105513624,2.193100389209945,9.929258769835211,0.19927111914094853,0.0910953687501479,0.504440604453944,7.134972973546624,6.725972973546624,7.674972973546625,345.16738771702353,139.11543026946185,584.82265575992,21.98637757455733,20.20964177402844,23.88020484618125,0.2880182773513198,0.07462291731375104,1.3471400336114008,0.060572926085507295,0.02202651857654811,0.2191638598366537,163.30939597695397,77.09151620583847,461.37487411248736,102.16143014572248,53.26011291284935,236.2869785852654,1.1046407508959188,0.5685217731277663,2.642300676143038
2045,Future Projection,High Impact,18,0.04310205964918556,0.0,0.16378782666690514,51.732571739645316,7.889271554074536,103.01718594341982,0.11066719672797962,0.02090380382639615,0.28650507597354724,0.09966175169821595,0.028139788714790392,0.26967297518340794,4.447439524877634,2.1447825241184786,6.135926305534641,459.18532736515664,104.1838799944394,989.6321737883791,26.54365230215703,8.337270735357585,44.933542325666664,6.225234097761973,2.202274238350522,9.970793358256415,0.19971457545019855,0.09129809163437648,0.5055631824253597,7.134698415556475,6.725698415556474,7.674698415556475,345.54317334911326,139.26688600299164,585.4593553995027,21.993437058390573,20.21612141476125,23.88788238627054,0.28926103562960914,0.07494490468585328,1.3529527530130359,0.060674748717552004,0.022063544988200734,0.2195322726325973,163.8385115395068,77.34128947039123,462.8697092663582,102.40500798715263,53.38709805116558,236.8503445455868,1.111120372935128,0.5718566186039459,2.657799932060826
2046,Future Projection,High Impact,18,0.04324034570688867,0.0,0.164313313686177,51.80344788720153,7.900080241057887,103.15832451485018,0.11101994470602917,0.020970434000027734,0.2874183012944978,0.09991199866369863,0.028210446681514907,0.2703501140311846,4.444494260481507,2.14336216717593,6.13186286067297,459.6422436549696,104.28754905585853,990.616915752417,26.648597578280487,8.37023368896616,45.11119545918774,6.249901371824528,2.21100067358897,10.010302280897195,0.20013640414003767,0.09149092760687436,0.5066310116230668,7.134437247917512,6.725437247917513,7.674437247917513,345.9006316996615,139.4109551532345,586.0650028312426,22.000152247134537,20.22228503968649,23.895185488311252,0.2904431838714598,0.07525118854851458,1.3584819827442374,0.06077160540123305,0.022098765600448385,0.21988271772446144,164.34182183156832,77.57888114908741,464.2916404494983,102.63670639707736,53.507890051206275,237.38623482380663,1.1172839800784669,0.5750288217470509,2.672543280347693
2047,Future Projection,High Impact,18,0.04337188747397408,0.0,0.16481317240110152,51.87086736425225,7.910361782156671,103.29257967692672,0.11135548896218303,0.021033814581745688,0.288286988090985,0.10015004094065774,0.028277658618538662,0.27099422842766224,4.441692638324976,2.1420110818588842,6.127997592355713,460.0768758743734,104.38616211749077,991.5536312841504,26.748424612891473,8.401589020357086,45.280184347147745,6.2733656087350536,2.219301515558781,10.047884330643425,0.2005376600019112,0.09167435885801654,0.5076467621762666,7.134188817574605,6.725188817574605,7.674188817574605,346.24065660073654,139.54799796810832,586.641112489187,22.006539932258875,20.228148061076965,23.90213241386251,0.2915676780632299,0.07554253477092775,1.3637415487593803,0.06086373832871001,0.02213226848316728,0.22021607140751442,164.82058539103127,77.80488534487974,465.64422323051616,102.8571047422078,53.62279095588927,237.8959894247532,1.1231469845542736,0.5780463147172662,2.6865675870538226
2048,Future Projection,High Impact,18,0.043497013873376546,0.0,0.1652886527188309,51.934998754607356,7.920141886579046,103.42028713748505,0.1116746685318588,0.021094104056017776,0.28911330853247896,0.10037647375877642,0.02834159259071335,0.2716069289943363,4.43902765289335,2.1407258897503,6.1243208353987475,460.4903108303064,104.47996576335547,992.4446626603221,26.84338302557409,8.431415134191107,45.44093154978895,6.2956854813078005,2.227197520688596,10.083633482195088,0.2009193463844787,0.09184884406147598,0.5086129739904233,7.133952503322492,6.724952503322491,7.673952503322492,346.5640982917021,139.67835712603272,587.1891249475628,22.012616086303588,20.233725139540063,23.908740533856683,0.2926373300261218,0.07581967187040428,1.3687446027130883,0.060951377880291494,0.02216413741101509,0.22053316723960018,165.27599937617111,78.01986718597803,466.93083977089344,103.06675413320713,53.732088077325486,238.3808830004482,1.1287240469276405,0.580916642818759,2.6999079202509164
2049,Future Projection,High Impact,18,0.04361603778626999,0.0,0.165740943587826,51.99600242014726,7.929445009680299,103.54176623169639,0.11197828153023386,0.021151453177933065,0.28989932885049435,0.10059186331804351,0.028402408466271116,0.2721897478017649,4.436492640334922,2.139503377200478,6.120823395994544,460.88358232550695,104.56919455142742,993.29223792349,26.93371026182168,8.459786611288536,45.59383901884744,6.316916800850104,2.234708433104085,10.117639127051966,0.20128241770250815,0.09201481952114658,0.5095320630983492,7.133727714252453,6.724727714252453,7.673727714252454,346.87176554525877,139.8023585928035,587.7104105229628,22.018395902818718,20.239030220676906,23.915026372035772,0.29365481444719954,0.07608329283404715,1.3735036548462198,0.06103474320050584,0.02219445207291122,0.22083479812546664,165.70920255916525,78.22436423896406,468.1547072821495,103.26617880275435,53.83605471524884,238.84212803740064,1.1340291127594626,0.5836469833668703,2.712597637720635
2050,Future Projection,High Impact,18,0.043729256834433454,0.0,0.16617117597084716,52.05403090181123,7.938294414113963,103.6573207205719,0.11226708714794911,0.021206005350168165,0.29064701450524605,0.10079674820454862,0.02846025831657844,0.27274414220054344,4.434081261797868,2.138340487291266,6.1174965287228575,461.25767374355917,104.65407160015398,994.0984764532943,27.019632186774217,8.486774395120158,45.73928910264182,6.337112656719721,2.241853033998545,10.14998629703895,0.20162778182341,0.0921727002621303,0.5104063277015465,7.1335138882747255,6.724513888274726,7.6735138882747265,347.1644276897972,139.92031243667716,588.206272700851,22.023893834356123,20.24407656995364,23.92100564626937,0.29462267556749977,0.07633405685157948,1.3780306052679876,0.06111404274607665,0.022223288271300604,0.22112171829944105,166.1212781736167,78.41888785298805,469.31888607054685,103.455877416399,53.93495084040796,239.28087788845474,1.1390754474776055,0.5862441636351411,2.7246684703664323
2051,Future Projection,High Impact,18,0.043836954124460495,0.0,0.16658042567294992,52.1092293010291,7.94671222800057,103.76723955052344,0.11254180754948095,0.021257896981568627,0.29135823510032294,0.10099164073722777,0.02851528679639373,0.27327149846543997,4.431787487579811,2.1372343121921684,6.114331914682621,461.61352050786354,104.73480914636748,994.8653942660102,27.10136364999881,8.512445969202862,45.877645502143125,6.356323549075875,2.24864918859567,10.180755876929895,0.2019563023373787,0.09232288106851598,0.5112379539169073,7.13331049071299,6.724310490712989,7.67331049071299,347.44281653311964,140.03251360370274,588.6779513949552,22.029123628608396,20.248876805871976,23.92669330785753,0.2955433335439595,0.07657259096366223,1.3823367737124292,0.061189474807173155,0.02225071811169933,0.22139464521140834,166.51325662320207,78.60392443840789,470.42628718944997,103.6363243194848,54.02902374462841,239.6982296567727,1.1438756695473824,0.5887146779270529,2.736150601557339
2052,Future Projection,High Impact,18,0.04393939895567321,0.0,0.16696971603155822,52.16173564255047,7.9547195002594835,103.87179757588005,0.11280312967892869,0.02130725782824209,0.292034769057671,0.10117702824892764,0.028567631505579574,0.2737731352618043,4.429605582050434,2.1361820858892573,6.1113216406903605,461.95201242068333,104.81160907598775,995.5949090556394,27.179109022725537,8.536865525843579,46.00925418041673,6.3745975151559655,2.255113890821911,10.210024806701687,0.2022688007168178,0.09246573747054528,0.5120290212431445,7.133117012967395,6.724117012967394,7.673117012967395,347.7076281923407,140.13924265524076,589.1266260476973,22.034098362785244,20.253442931522045,23.93210357891679,0.2964190905010693,0.0767994916298225,1.386432927843638,0.06126122800323887,0.022276810182995956,0.22165426132080976,166.88611805821785,78.77993668306837,471.4796797184756,103.80797072326003,54.11850865917114,240.0952269391641,1.1484417820242916,0.5910647038151688,2.747072742602106
2053,Future Projection,High Impact,18,0.04403684749351075,0.0,0.16734002047534088,52.21168121957848,7.9623362532421496,103.97125624616692,0.11305170697773256,0.021354211318016153,0.29267830806457434,0.10135337430499153,0.02861742333317408,0.27425030694291835,4.4275300893094105,2.135181177268694,6.1084581794931125,462.273995888113,104.8846634288421,996.2888449891431,27.253062708881977,8.560094126653492,46.13444422771025,6.391980249393674,2.261263305800147,10.237866273924261,0.20256605837044905,0.09260162668363386,0.5127815077606225,7.1329329712427985,6.723932971242798,7.6729329712427985,347.95952483454255,140.24076646951283,589.5534185794132,22.03883047631333,20.257786364596353,23.93724998794288,0.29725213628738334,0.07701532621991296,1.3903293101805345,0.06132948175463856,0.022301629728959476,0.2219012158031468,167.24079482646647,78.94736470926185,472.48169768763404,103.97124583314076,54.20362934293312,240.4728624356217,1.152785202567908,0.5933001175882834,2.757462204542436
2054,Future Projection,High Impact,18,0.0441295434100764,0.0,0.16769226495829032,52.259190922071184,7.969581532798415,104.06586425986552,0.11328816101861773,0.021398874859072242,0.2932904613037548,0.10152111986241416,0.02866478678468165,0.2747042066865325,4.425555819543811,2.134229083537578,6.105734370946374,462.5802760365349,104.95415487886505,996.9489372678102,27.323409631204278,8.582189855233862,46.253528684350464,6.40851521767886,2.2671128102709104,10.264349896767646,0.2028488185972412,0.09273088850159596,0.5134972950775876,7.132757905339027,6.723757905339026,7.672757905339027,348.19913633253793,140.33733890893592,589.9593961937386,22.04333180194132,20.261917965939986,23.942145403639017,0.29804455395128165,0.07722063443283206,1.394035663708495,0.06139440673130249,0.022325238811382726,0.22213612617325812,167.5781738046113,79.10662717426317,473.43484666377594,104.12655792194789,54.284598641961125,240.83208043158805,1.1569167919919765,0.595426508945204,2.767344966444808
2055,Future Projection,High Impact,18,0.04421771849344469,0.0,0.16802733027508987,52.30438354903153,7.976473455901068,104.1558581862892,0.11351308305984978,0.021441360133527182,0.2938727594771667,0.10168068437246383,0.028709840293401553,0.2751359694784316,4.423677836050871,2.133323423965658,6.10314340411001,462.8716187258542,105.0202571908781,997.5768364661641,27.390325693640314,8.603207962415292,46.36680532350733,6.424243766044914,2.2726770310422486,10.289541898083653,0.2031177884450443,0.09285384614630597,0.5141781730351693,7.132591377500132,6.7235913775001315,7.672591377500132,348.4270618398798,140.42920145491098,590.3455740461734,22.047613595327924,20.265848066708358,23.946802067094342,0.29879832494967584,0.07741592964605237,1.397561256241893,0.061456165279490244,0.02234769646526918,0.2223595798294284,167.89909861583072,79.25812231719092,474.3415100158149,104.2742953508019,54.36161902167777,241.17377915916143,1.1608468814221065,0.5974491949719108,2.776745740361679
2056,Future Projection,High Impact,18,0.044301593227252425,0.0,0.16834605426355922,52.34737210556669,7.983029255947708,104.24146305712975,0.11372703552368847,0.021481773376696715,0.2944266586335491,0.10183246682952912,0.02875269651657293,0.2755466749504906,4.421891442893659,2.1324619339322672,6.100678800217355,463.14875246454795,105.08313565509243,998.1741126592588,27.453978221201197,8.623201004413575,46.47455739578188,6.439205224055387,2.277969881564364,10.3135052709975,0.20337364047857814,0.09297080707592144,0.5148258441829149,7.132432971319776,6.723432971319776,7.672432971319776,348.64387128905764,140.51658381165205,590.7129177825,22.051686563186898,20.269586494200485,23.951231622393045,0.2995153341026836,0.07760170019933167,1.4009149035984616,0.06151491182774088,0.022369058846451233,0.22257213552218977,168.20437173931492,79.40222895481276,475.20395487439083,104.41482754022792,54.43488307315046,241.49881304314368,1.1645852981289653,0.5993732334370409,2.7856880331244858
2057,Future Projection,High Impact,18,0.04438137734202251,0.0,0.16864923389968556,52.388264085459745,7.989265325853214,104.32289292915387,0.11393055340273626,0.021520215642739076,0.2949535438093061,0.10197684676881263,0.028793462617076514,0.2759373500803166,4.420192173158793,2.1316424592635914,6.0983343964749235,463.4123702313153,105.14294750042052,998.7422593486841,27.514526378360955,8.642218974247623,46.57705433748036,6.453437003148382,2.2830045967204837,10.336299936423433,0.20361701446119385,0.09308206375368862,0.5154419280360507,7.132282290699999,6.723282290699999,7.6722822907,348.8501068166254,140.59970448056634,591.0623459533998,22.055560890059397,20.27314259643236,23.955445145730625,0.300197374306661,0.07777841061581671,1.4041049916434283,0.06157079327302474,0.022389379372009,0.22277432475148956,168.49475651688238,79.5393074287845,476.0243378008775,104.54850589389946,54.50457399466942,241.80799483754737,1.1681413901015745,0.6012034354389437,2.7941942051229667
2058,Future Projection,High Impact,18,0.04445727033959954,0.0,0.1689376272904783,52.42716173996011,7.995197259040576,104.40035141945653,0.1141241455976985,0.021556783057343053,0.29545473249181947,0.10211418521536675,0.02883224053139767,0.27630897175922775,4.418575777786825,2.130862950846114,6.096104330652212,463.6631312078856,105.19984228763029,999.2826971970982,27.57212156705061,8.660309426748036,46.674552444345295,6.466974690184633,2.287793765920965,10.357982892898232,0.20384851895461586,0.09318789437925296,0.5160279651251133,7.132138958860766,6.7231389588607655,7.672138958860766,349.04628411882527,140.6787713066218,591.3947323113092,22.05924626378065,20.27652526551185,23.959453173110152,0.3008461510173767,0.07794650276359305,1.4071394972585487,0.06162394934806238,0.022408708853840865,0.22296665309571664,168.7709790617316,79.66970050669208,476.80471017990976,104.67566467733064,54.57086604983882,242.10209765790407,1.1715240494221513,0.6029443774359339,2.802285526217786
2059,Future Projection,High Impact,18,0.044529461992008385,0.0,0.1692119555696319,52.46416233346493,8.000839888432568,104.47403221460982,0.11430829618990025,0.021591567058092273,0.2959314779138529,0.10224482558684422,0.02886912722452073,0.2766624692349904,4.417038214947382,2.1301214595027633,6.093983026423075,463.9016624273157,105.25396228332492,999.7967775806235,27.626907805241878,8.677517597468961,46.76729551242833,6.4798521364331965,2.2923493645833752,10.378608359107227,0.204068732840663,0.09328856358430308,0.5165854208480783,7.13200261739782,6.723002617397819,7.67200261739782,349.232893741097,140.75398199806764,591.7109079952552,22.062751899704594,20.279742959873612,23.963265726687762,0.3014632865145403,0.07810639696058544,1.410026008288464,0.061674512970729144,0.02242709562571969,0.22314960147591092,169.03373007410266,79.79373423914899,477.5470233489128,104.79662185371409,54.633925003326574,242.38185691445602,1.1747417345009454,0.6046004126898199,2.8099822289262617
2060,Future Projection,High Impact,18,0.04459813281598301,0.0,0.16947290470073545,52.49935838673069,8.006207323541782,104.54411955498026,0.1144834656517418,0.021624654623106785,0.29638497218728715,0.10236909455222132,0.028904214932391908,0.2769987264354225,4.415575639932484,2.1294161311189557,6.091965179422003,464.1285603418998,105.3054428156835,1000.2857859679914,27.679022087067118,8.693886515800537,46.8555154477074,6.492101542217256,2.2966827840772757,10.39822790945927,0.2042782067687547,0.09338432309428785,0.5171156891346189,7.131872925386485,6.7228729253864845,7.671872925386485,349.41040230469685,140.82552462080795,592.0116636091363,22.06608656374703,20.282803725429567,23.96689233983327,0.3020503239583462,0.07825849302557152,1.412771742514265,0.06172261057641912,0.02244458566415241,0.22332362735831648,169.2836665683874,79.91171877509264,478.2531334774629,104.91167987899456,54.693908535362354,242.64797215106466,1.1778024912266711,0.6061756821513269,2.8173035590141984
2061,Future Projection,High Impact,18,0.04466345452435237,0.0,0.16972112719253904,52.532837908223385,8.011312985751765,104.61078869542561,0.11465009199811943,0.021656128488533672,0.2968163492840203,0.10248730284864027,0.02893759139255726,0.2773185841786738,4.414184395542775,2.1287452020063427,6.0900457439804425,464.34439231461,105.35441261285195,1000.7509451348834,27.728594725376006,8.709457112564781,46.939432845972384,6.503753537431702,2.300804860208579,10.416890603049605,0.20447746453282123,0.09347541235786114,0.517620095931656,7.131749558529181,6.7227495585291805,7.671749558529181,349.5792536734938,140.8935780686645,592.2977511986437,22.069258594305026,20.285715215687894,23.970342080968557,0.302608731248178,0.07840317127793703,1.4153835657017058,0.06176836243419946,0.02246122270334526,0.22348916589828535,169.52141351600753,80.02394913731831,478.92480620867764,105.02112645816626,54.750966636020266,242.90110879443478,1.1807139730854201,0.6076741248146297,2.8242678236203256
2062,Future Projection,High Impact,18,0.04472559045541197,0.0,0.1699572437305655,52.56468461418544,8.016169641877461,104.6742063435234,0.11480859188169087,0.0216860673554305,0.2972266878714886,0.10259974605841407,0.028969340063552215,0.27762284227570877,4.412861002942611,2.1281069944926707,6.08821992051,464.5496980377999,105.40099412483042,1001.1934182215074,27.77574967758556,8.724268322363965,47.019257544429585,6.514837258133825,2.3047259003147067,10.434643106333173,0.20466700438106156,0.09356205914562814,0.5180999025189158,7.131632208344506,6.722632208344505,7.671632208344506,349.73987006386074,140.95831251070436,592.5698861317678,22.0722759231072,20.28848471089076,23.97362357624335,0.3031399046931218,0.07854079348867246,1.4178680087691926,0.06181188294754569,0.022477048344562073,0.22364663102839263,169.74756540816907,80.13070596018973,479.563721074244,105.12523526468536,54.8052419802722,243.1418998180278,1.1834834602983622,0.6090994875668905,2.8308924370336825
2063,Future Projection,High Impact,18,0.04478469598135461,0.0,0.17018184472914752,52.59497813796997,8.020789436088906,104.73453107642663,0.11495936163472398,0.021714546086558977,0.29761701400989654,0.10270670534813622,0.02899954033359141,0.27791226153025106,4.411602152961169,2.1274999127267287,6.086483143500972,464.7449908827166,105.44530382966207,1001.6143116410536,27.8206048556382,8.738357180937403,47.095189146403975,6.525380419398633,2.3084557090383027,10.45152980981505,0.20484730026182316,0.09364448011969059,0.5185563086627867,7.131520581395872,6.722520581395871,7.671520581395872,349.8926531004348,141.01988981675134,592.8287488875899,22.075146095047224,20.29111913621874,23.9767450311051,0.3036451725034657,0.07867170378498883,1.420231284118483,0.06185328094041001,0.022492102160149095,0.2237964164934835,169.96268774239962,80.23225619137125,480.1714756941215,105.22426662479597,54.85687028474955,243.37094732482512,1.186117878026091,0.6104553345574283,2.8371939642384105
2064,Future Projection,High Impact,18,0.04484091889678183,0.0,0.17039549180777097,52.623794229165625,8.02518392027797,104.79191373738935,0.11510277826013376,0.021741635893580826,0.29798830371790186,0.10280844817174363,0.029028267719080562,0.27818756564118874,4.41040469781779,2.126922438687887,6.084831070106189,464.9307591831958,105.48745252468886,1002.0146778463048,27.8632724208431,8.751758917770086,47.167417520451494,6.535409384620974,2.312003612843947,10.467592939049826,0.20501880300871989,0.09372288137541479,0.5189904556163595,7.131414398557764,6.722414398557763,7.671414398557764,350.0379848203887,141.0784639621447,593.0749867578352,22.077876287049953,20.29362507910736,23.979714250816844,0.30412579811191787,0.07879622951081508,1.4224793011689252,0.061892659929337804,0.022506421792486478,0.22393889683524046,170.167318436587,80.32885375933596,480.74958977142535,105.3184681684815,54.90598064710547,243.58882405289924,1.1886238136851333,0.6117450561099486,2.8431881623348385
2065,Future Projection,High Impact,18,0.044894399788267425,0.0,0.17059871919541622,52.65120494301003,8.02936408294411,104.84649781295323,0.11523920037418615,0.021767404515124055,0.29834148541317085,0.10290522893929079,0.029055594053446814,0.27844944301219865,4.409265643250887,2.126373128390255,6.083259569281635,465.1074674567511,105.52754560360266,1002.3955179613155,27.9038590643378,8.764507044184748,47.23612327512933,6.544949231437759,2.3153784833391735,10.482872660227507,0.2051819414679507,0.09379745895677746,0.5194034289731552,7.131313394317777,6.722313394317777,7.671313394317778,350.17622862872213,141.13418141275784,593.3092154654389,22.080473326017486,20.29600880571914,23.982538659974463,0.3045829833328461,0.07891468204532831,1.4246176811340852,0.06193011838231302,0.02252004304811383,0.22407442832873262,170.36196917405408,80.42074020831919,481.29950889247476,105.40807544866858,54.952695868826325,243.7960748075573,1.1910075334199195,0.6129718772001186,2.8488900199404483
2066,Future Projection,High Impact,18,0.044945272385897045,0.0,0.1707920350664088,52.67727882056539,8.033340376671344,104.89841979173876,0.11536896910322539,0.021791916386164796,0.29867744223390574,0.1029972896531074,0.029081587666759744,0.27869854847311426,4.408182141030737,2.1258506082719664,6.081764711456693,465.2755575661096,105.5656833199843,1002.7577842847438,27.94246627387168,8.776633437137631,47.30147821061142,6.554023814435114,2.3185887594581125,10.497407180609882,0.20533712357063882,0.09386839934657774,0.5197962613816742,7.131217316112705,6.722217316112705,7.671217316112705,350.3077302069639,141.18718149123922,593.5320207041743,22.082943705899975,20.298276276612224,23.98522532107202,0.30501787136743996,0.07902735758156398,1.4266517710777082,0.06196574996497932,0.02253299998726521,0.22420334987328885,170.54712668303347,80.50814530230492,481.82260814151255,105.493312530232,54.99713276229928,243.99321782363802,1.1932749977714114,0.6141388655196864,2.8543137946692165
2067,Future Projection,High Impact,18,0.044993663897663135,0.0,0.17097592281111992,52.70208106010688,8.037122744265146,104.94780950573787,0.11549240893666755,0.021815232799148317,0.29899701424715047,0.10308486051293031,0.029106313556592094,0.2789355049173409,4.40715148183742,2.1253535717605567,6.080342758708162,465.435449824099,105.60196103798978,1003.1023826710945,27.979190587578174,8.788168418927471,47.36364574827833,6.562655824797272,2.321642468563219,10.511232844068603,0.2054847373528716,0.0939358799327413,0.5201699351275549,7.131125923696986,6.722125923696986,7.671125923696986,350.4328183775558,141.23759672539157,593.7439596031924,22.085293603933895,20.30043316164493,23.987780952161675,0.30543154966230884,0.07913453786705274,1.428586657284163,0.061999643774853036,0.02254532500903747,0.22432598383992283,170.72325395374196,80.59128759955541,482.32019553913153,105.5743925502737,55.03940244290415,244.1807460613688,1.1954318765815568,0.615248939147308,2.8594730487830846
2068,Future Projection,High Impact,18,0.0450396953275511,0.0,0.1711508422446942,52.72567368015227,8.040720643614646,104.99479045496147,0.11560982853839322,0.02183741205725205,0.2993010005493958,0.10316816049152266,0.029129833550547584,0.27916090485941436,4.406171088486103,2.1248807760058526,6.078990155413511,465.5875440446484,105.63646947081034,1003.4301747958267,28.01412383537038,8.799140833017047,47.42278133935585,6.570866847046352,2.324547246517862,10.524384221963782,0.2056251519259933,0.09400006945188265,0.5205253845898001,7.131038988541977,6.722038988541978,7.671038988541978,350.55180592607974,141.2855531795604,593.9455621201346,22.087528896088337,20.302484854153303,23.990211943652326,0.30582505262866544,0.07923649090833605,1.4304271779768036,0.06203188456411335,0.022557048932404854,0.22444263687742833,170.89079139609686,80.67037499912065,482.79351531300745,105.65151825107647,55.07961060685975,244.3591284390231,1.1974835631708491,0.6163048738452639,2.864380683104672
2069,Future Projection,High Impact,18,0.04508348177811239,0.0,0.1713172307568271,52.7481156745405,8.044143071342283,105.03948011625397,0.11572152151856782,0.021858509620173924,0.2995901612647367,0.10324739788222001,0.029152206460862126,0.2793753119165954,4.405238509482746,2.1244310387721987,6.077703519359962,465.7322205425314,105.66929490750263,1003.7419803099917,28.047353368563705,8.809578116156857,47.47903285362403,6.5786774130149075,2.32731035677996,10.536894199590405,0.20575871839957532,0.09406112841123444,0.5208634985772107,7.130956293264511,6.72195629326451,7.670956293264511,350.66499038338486,141.33117076986045,594.1373323663036,22.089655171757997,20.304436484437296,23.99252437428894,0.30619936422889216,0.07933347164112206,1.4321779354160462,0.06206255295152688,0.022568201073282505,0.22455360067916091,171.05015794097045,80.74560526069436,483.2437510091163,105.7248824870653,55.11785779551947,244.52881100546026,1.1994351878244378,0.6173093100003106,2.8690489692760552
2070,Future Projection,High Impact,18,0.04512513273828072,0.0,0.17147550440546677,52.769463159947065,8.04739858530004,105.08199023704634,0.11582776716782008,0.02187857824281046,0.29986521944557865,0.10332277081977198,0.02917348823146504,0.27957926221820667,4.404351412894082,2.1240032354822542,6.076479633287202,465.8698410843515,105.70051942875645,1004.038578889787,28.07896227829962,8.81950636699129,47.53254094916864,6.5861070531862005,2.329938708564407,10.548794058408694,0.2058857707593734,0.09411920948999926,0.5211851225508709,7.130877631083315,6.7218776310833155,7.670877631083316,350.7726547695697,141.3745635640287,594.3197498672031,22.091677747739574,20.306292932589177,23.99472402635261,0.3065554204369598,0.07942572256775776,1.4338433074074168,0.06209172562403662,0.0225788093178315,0.22465915271242345,171.2017520877352,80.81716649911615,483.6720284512155,105.7946687070439,55.15423964677703,244.6902180554801,1.2012916306205121,0.6182647592260236,2.8734895804442653
2071,Future Projection,High Impact,18,0.04516475235715155,0.0,0.1716260589571759,52.789769516204885,8.050495325968532,105.12242711478314,0.115928831155614,0.021897668107171534,0.30012686288064516,0.10339446777578248,0.029193732077868,0.27977326574623507,4.403507580516569,2.12359629640496,6.075315436842557,466.00074979314644,105.73022111213902,1004.3207121861533,28.109029603316806,8.828950411318827,47.58343942409967,6.5931743455305885,2.332438874119712,10.560113554264055,0.20600662670246556,0.09417445792112711,0.5214910607382414,7.130802805301968,6.7218028053019685,7.670802805301969,350.87506830167956,141.41584006665286,594.4932707616026,22.093601681526543,20.308058840696305,23.996816400119236,0.3068941115788498,0.0795134743636111,1.435427458248348,0.06211947552851921,0.022588900192188805,0.22475955691227864,171.34595290071996,80.88523765475668,484.07941855599023,105.86105141291222,55.188847134211024,244.84375319078083,1.2030575336330407,0.6191736106431383,2.8777136204502334
2072,Future Projection,High Impact,18,0.045202439704408987,0.0,0.17176927087675417,52.80908551978173,8.053441036812448,105.16089186272131,0.11602496619456097,0.02191582694786152,0.30037574581480786,0.1034626680299868,0.02921298862023157,0.2799578076105526,4.4027049023297335,2.123209203980659,6.074208018928511,466.12527400887564,105.75847422732974,1004.5890856792885,28.13763052758918,8.837933864169468,47.63185555111628,6.599896961960117,2.3348171051620414,10.570880991792187,0.2061215884316606,0.09422701185447341,0.5217820781441465,7.13073162881704,6.7217316288170395,7.67073162881704,350.97248706688947,141.45510349048945,594.6583289421211,22.095431783955497,20.30973862444877,23.9988067276131,0.30721628455883343,0.07959694645387956,1.4369343491410893,0.06214587205419013,0.022598498928796413,0.22485506434152433,171.48312095706794,80.94998894096172,484.4669400109023,105.92419659601214,55.22176679456627,244.9898003291736,1.2047373125393719,0.6200381368535969,2.881731651594178
2073,Future Projection,High Impact,18,0.04523828901805163,0.0,0.17190549826859625,52.82745947074778,8.056243083643253,105.1974806627661,0.11611641267233286,0.02193310017144065,0.3006124905850395,0.10352754211854437,0.02923130600994194,0.28013334926194366,4.40194137122001,2.122840990276663,6.07315461042345,466.24372510694013,105.78534942183295,1004.8443704427145,28.16483656832498,8.846479188854612,47.67791039575484,6.606291712517518,2.337079348507766,10.581123295195422,0.20623094341116238,0.09427700270224566,0.5220589024636852,7.130663923650243,6.721663923650243,7.670663923650244,351.06515466285566,141.49245201454943,594.815337140185,22.09717263123577,20.311336484180913,24.000699985689657,0.30752274497717286,0.07967634756226752,1.438367748097777,0.062170981206112905,0.0226076295294956,0.22494591381848125,171.6135992483677,81.01158226967421,484.8355618214401,105.98426215219226,55.25308094414076,245.12872466457688,1.20633516766173,0.6208604996232371,2.8855537210468585
2074,Future Projection,High Impact,18,0.04527238994003668,0.0,0.1720350817721394,52.844937313551014,8.058908473037542,105.2322850059759,0.11620339925275641,0.021949530969965103,0.3008376891765805,0.103589252260468,0.029248730050014497,0.2803003296459723,4.40121507796192,2.1224907345669175,6.072152577257419,466.35639927678346,105.81091389763357,1005.0872048213122,28.19071575479704,8.854607753137035,47.72171911911585,6.612374587410059,2.3392312609436003,10.590866075567241,0.20633496508538018,0.09432455546760236,0.5223222259018481,7.130599520503395,6.721599520503395,7.670599520503396,351.15330280683645,141.527979029597,594.9646879580711,22.09882857639233,20.31285641537435,24.002500908480254,0.3078142591445421,0.07975187623290408,1.4397312393624269,0.0621948657702461,0.022616314825544038,0.22503233251416319,171.73771403831063,81.07017165629847,485.1862057341363,106.04139827662979,55.282867884619236,245.2608735801917,1.2078550944702062,0.6216427552873329,2.8891893859727333
2075,Future Projection,High Impact,18,0.04530482774043145,0.0,0.17215834541363953,52.861562751902255,8.061443869857142,105.26539192133744,0.116286143447592,0.0219651604289896,0.3010519047032104,0.10364795276325586,0.02926530430962519,0.28045916630057477,4.4005242064440075,2.1221575610297077,6.071199413825563,466.46357826251966,105.83523157923707,1005.3181960275147,28.2153327984514,8.86233988266142,47.76339126582666,6.618160796993401,2.3412782233715146,10.600133694933364,0.20643391356268198,0.09436978905722604,0.5225727069043892,7.130538258335083,6.721538258335083,7.670538258335084,351.2371519151061,141.56177337167486,595.1067548506176,22.100403760150602,20.314302218648766,24.004213999229922,0.3080915559982026,0.07982372132680704,1.4410282323734116,0.06221758547044097,0.022624576534705808,0.22511453652032282,171.85577567852008,81.12590360481893,485.519748541415,106.09574783939672,55.3112020988682,245.38657751714038,1.2093008935735161,0.622386859892503,2.892647737427851
2076,Future Projection,High Impact,18,0.04533568353063304,0.0,0.17227559741640558,52.87737735805718,8.06385561391473,105.29688419338382,0.11636485216042623,0.021980027630302736,0.3012556728153257,0.10370379040874067,0.02928107023305619,0.2806102564001219,4.39986702912762,2.121840636557649,6.070292736722824,466.56553006744,105.85836327351396,1005.5379216596552,28.23874925471965,8.869694911779067,47.80303103796009,6.623664809805405,2.3432253542637946,10.608949327169492,0.20652803626580096,0.09441281657865186,0.5228109718042847,7.130479983957976,6.721479983957976,7.670479983957977,351.3169116541103,141.593919544241,595.2418930590552,22.101902121290472,20.31567750926543,24.005843541557848,0.30835532892472595,0.07989206249413354,1.442261970288832,0.06223919711778217,0.022632435315557153,0.22519273138979368,171.9680793845921,81.17891747413634,485.83702427402915,106.14744674270936,55.33815443718193,245.50615080074158,1.2106761802225015,0.6230946740878475,2.895937423092224
2077,Future Projection,High Impact,18,0.045365034466189016,0.0,0.17238713097151828,52.89242067676863,8.066149735826675,105.32684056919871,0.11643972220403873,0.02199416974965176,0.30144950303934476,0.10375690482012065,0.029296067243328186,0.28075397774856187,4.399241902727159,2.1215391686744822,6.0694302787841785,466.6625096241613,105.8803668217487,1005.7469311462645,28.261023676939544,8.876691231893831,47.84073755559391,6.62890038874501,2.345077522461885,10.617335015948075,0.2066175685505213,0.09445374562309546,0.523037616387891,7.130424551655777,6.721424551655777,7.670424551655778,351.39278146474163,141.624497929471,595.3704404992955,22.10332740649524,20.316985726167243,24.007393610168638,0.30860623749382154,0.07995707062339923,1.4434355380961021,0.062259754752645044,0.022639910819143655,0.22526711265047938,172.07490597428833,81.2293458265377,486.13882628657166,106.19662426075476,55.36379229444505,245.61989242648718,1.211984393350139,0.6237679677775383,2.8990666688935334
2078,Future Projection,High Impact,18,0.045392953939726484,0.0,0.17249322497096067,52.906730324169104,8.06833197209271,105.35533595532524,0.11651094079253659,0.022007622149701356,0.30163388005178915,0.10380742881109034,0.029310332840778452,0.2808906897241269,4.398647264101006,2.1212524035534726,6.068609883415544,466.7547594320896,105.901297244273,1005.945747119927,28.282211762768853,8.883346337450222,47.87660510466265,6.63388062548666,2.3468393593510335,10.625311729858968,0.20670273429419006,0.09449267853448688,0.5232532073847211,7.130371822818859,6.721371822818858,7.670371822818859,351.46495106104544,141.65358498925548,595.4927186068961,22.104683179720325,20.318230140577874,24.008868081041218,0.3088449091076047,0.08001890826878849,1.4445518703260243,0.06227930977982476,0.022647021738118094,0.22533786629427507,172.1765225697264,81.27731475917096,486.4259092412757,106.24340336294347,55.38817977865487,245.72808680768694,1.2132288041706663,0.624408424546503,2.902043299576234
2079,Future Projection,High Impact,18,0.04541951176447189,0.0,0.1725941447049932,52.92034208183067,8.070407779440172,105.3824416050713,0.11657868600948716,0.02202041846845869,0.3018092648912279,0.1038554887179439,0.029323902696831227,0.28102073417796597,4.398081626342866,2.1209796241324472,6.067829499201174,466.8425101637955,105.92120687804533,1006.1348667241355,28.302366493458543,8.889676869678619,47.91072337272156,6.638617973216297,2.3485152704411623,10.632899414841834,0.20678374645552727,0.0945297126653839,0.5234582838845633,7.130321665597661,6.72132166559766,7.670321665597661,351.533600904604,141.6812534563947,595.6090331408182,22.105972831104975,20.319413864181538,24.010270641120787,0.3090719405694283,0.08007773005662461,1.4456137583906448,0.06229791109707501,0.022653785853481823,0.22540516924214415,172.2731832653247,81.32294421935362,486.6989909950627,106.28790102139709,55.41137787122481,245.8310044866498,1.2144125243593187,0.6250176458702628,2.904874758267491
2080,Future Projection,High Impact,18,0.04544477434882045,0.0,0.17269014252551776,52.93328998623752,8.072382348468674,105.40822529667997,0.11664312725321974,0.022032590703385948,0.3019760961111133,0.10390120471548178,0.02933681074319486,0.2811444362889508,4.397543575063715,2.12072014832077,6.067087174774051,466.92598124181563,105.94014550752061,1006.3147628564085,28.321538266333466,8.89569865820702,47.943177673212205,6.643124277770819,2.35010944638294,10.640117044061379,0.20686080760713363,0.09456494062040395,0.5236533586854868,7.130273954573006,6.7212739545730065,7.670273954573007,351.59890265578423,141.70757251646833,595.719674947982,22.1071995854494,20.32053985690382,24.0116047975381,0.30928789957620234,0.08013368307201606,1.4466238575632377,0.06231560521737792,0.02266022007904652,0.2254691897865129,172.3651297631705,81.36634830450345,486.95875439455915,106.33022850343954,55.433444579469615,245.92890281118062,1.2155385138331405,0.6255971551194563,2.907568125088872
2081,Future Projection,High Impact,18,0.04546880486239174,0.0,0.17278145847708865,52.945606413894936,8.074260616629292,105.43275150281039,0.11670442566040956,0.022044169291410697,0.3021347908763937,0.1039446911175102,0.02934908925670877,0.2812621053767924,4.397031764855095,2.120473327293756,6.0663810539364444,467.00538138732315,105.95816048913723,1006.4858853507804,28.339775020811935,8.901426760643357,47.97404915879049,6.647410807258842,2.35162587344659,10.646982665350144,0.2069341104420275,0.09459845048778401,0.523838919576104,7.130228570442483,6.721228570442483,7.670228570442483,351.6610196029783,141.73260798083558,595.824920690536,22.108366510278454,20.32161093431303,24.012873886379136,0.30949332613793173,0.08018690722664595,1.447584693617872,0.06233243638525071,0.022666340503727532,0.22553008801208896,172.45259197740123,81.40763554744149,487.20584898356856,106.37049164982338,55.454435081653955,246.02202657808363,1.2166095881523178,0.6261484013690597,2.9101301348603448
2082,Future Projection,High Impact,18,0.045491663393986616,0.0,0.17286832089714918,52.95732216228741,8.076047280570775,105.456081551753,0.11676273450900357,0.02205518318503401,0.3022857460066426,0.10398605666268532,0.029360768940052333,0.28137403567550157,4.396544915924896,2.120238543870275,6.06570937101846,467.0809091420396,105.97529686973277,1006.6486621026211,28.35712235827925,8.906875500227352,48.00341502425061,6.651488280236839,2.3530683434896433,10.653513446337499,0.20700383825547786,0.09463032605964702,0.5240154305552954,7.130185399722123,6.721185399722122,7.670185399722123,351.7201070709094,141.75642245119775,595.9250335376569,22.10947652351203,20.322629774660584,24.014081081027037,0.30968873392802276,0.08023753560862408,1.4484986691451613,0.062348446687380016,0.022672162431774553,0.22558801619615684,172.5357886091095,81.44690918778066,487.44089262726925,106.40879113938664,55.474401864966744,246.11060864528213,1.2176284255605463,0.626672763021828,2.9125671939408275
2083,Future Projection,High Impact,18,0.045513407101840535,0.0,0.17295094698699406,52.96846652688838,8.077746807883608,105.47827378078227,0.11681819960149495,0.022065659924726824,0.3024293389683147,0.10402540478641639,0.029371878998517578,0.2814805070691268,4.396081810897205,2.1200152109694748,6.06507044646294,467.15275336469233,105.99159749918472,1006.8035001385965,28.3736236561149,8.912058501646094,48.0313486995522,6.6553668925111165,2.354440463438556,10.659725717377638,0.20707016540333797,0.09466064704152592,0.5241833329924498,7.13014433446264,6.72114433446264,7.67014433446264,351.77631280902483,141.77907547613518,596.0202638236088,22.110532400761393,20.32359892557805,24.015229400097216,0.309874611567734,0.08028569481527653,1.4493680695599926,0.06236367615786056,0.022677700421040205,0.22564311918935004,172.61492769320972,81.48426743007855,487.66447305719913,106.44522274080259,55.4933948567665,246.1948705140844,1.2185975736820356,0.627171551255021,2.914885396247429
2084,Future Projection,High Impact,18,0.045534090356548935,0.0,0.17302954335488596,52.97906737441418,8.079363448271318,105.49938368203017,0.11687095962950539,0.022075625707795466,0.30256592881860844,0.10406283387950829,0.029382447213037642,0.2815817857916108,4.39564129176823,2.1198027701427744,6.064462682625693,467.22109370326,106.0071031375573,1006.9507866344483,28.389320176158627,8.916988725102827,48.05792003343352,6.65905634263264,2.3557456643079067,10.665635012383992,0.2071332577380257,0.0946894892516689,0.5243430467311164,7.130105271979495,6.721105271979495,7.670105271979495,351.8297773609459,141.80062370000957,596.1108496737099,22.111536782269646,20.324520810447524,24.016321714985487,0.31005142384798406,0.08033150526970496,1.450195068816253,0.06237816287830121,0.02268296831938226,0.22569553477785353,172.6902071186339,81.51980368939994,487.87714934089104,106.47987755205111,55.511461549425725,246.2750228830526,1.2195194558918954,0.6276460132990289,2.9170905384934143
2085,Future Projection,High Impact,18,0.04555376487702201,0.0,0.17310430653268366,52.98915121250536,8.080901244176944,105.51946404124546,0.11692114652058641,0.022085105453888546,0.302695857103296,0.10409843753418968,0.029392500009653565,0.2816781250925134,4.395222257010694,2.1196006901774522,6.063884559780556,467.2861010441859,106.02185255702294,1007.0908898831341,28.40425116788648,8.921678498724235,48.08319546806966,6.6625658561484595,2.3569872097797164,10.671256107672093,0.20719327302324111,0.0947169248106245,0.5244949711388333,7.130068114596133,6.721068114596132,7.670068114596133,351.880634415901,141.82112100460463,596.1970175997695,22.112492179513723,20.32539773446137,24.01736075704803,0.31021961289157096,0.08037508152190703,1.4509817348428484,0.06239194307304888,0.022687979299290506,0.22574539402794053,172.7618151231569,81.55360682490311,488.0794532798322,106.51284222821121,55.52864711908659,246.35126617485855,1.2203963773758382,0.628097335556098,2.919188134683005
2086,Future Projection,High Impact,18,0.04557247985980893,0.0,0.17317542346727396,52.998743256009604,8.082364040891251,105.5385650697856,0.11696888576810689,0.022094122867309083,0.3028194487107656,0.10413230477814238,0.029402062525593152,0.28176976587026775,4.394823658819439,2.119408465768335,6.063334632319285,467.34793793968316,106.03588263881296,1007.2241602157521,28.418453966554992,8.926139549387168,48.10723820521261,6.665904208670391,2.3581682043643575,10.676603058908055,0.2072503613284578,0.09474302232158072,0.5246394861057532,7.130032769399742,6.721032769399741,7.670032769399742,351.92901114301776,141.8406186438584,596.2789830664856,22.113400981484375,20.326231890386392,24.018349124431218,0.3103795992587095,0.0804165325352111,1.451730034714601,0.06240505119976821,0.022692745890824807,0.22579282161370684,172.8299307640889,81.58576136203412,488.27189073924535,106.54419919814384,55.54499453862481,246.4237910374452,1.221230530894341,0.6285266465669542,2.921183429899264
2087,Future Projection,High Impact,18,0.045590282102114875,0.0,0.17324307198803654,53.00786749003193,8.083755496167964,105.55673453017121,0.1170142967450519,0.022102700496287583,0.30293701268441214,0.10416452029711694,0.02941115867212714,0.2818569372745518,4.394444500491362,2.1192256162542757,6.062811525136784,467.4067590141999,106.0492284654398,1007.3509308775515,28.431964086558743,8.930383032041936,48.13010836422852,6.669079747818607,2.3592916011634446,10.681689236255076,0.2073046654041748,0.09476784704190849,0.5247769529945682,7.129999148008919,6.720999148008919,7.66999914800892,351.9750285093123,141.8591653720249,596.3569510302187,22.1142654606599,20.327025364046893,24.01928928856832,0.31053178299865064,0.0804559619587413,1.452441839570962,0.06241752003560373,0.022697280012946814,0.2258379361288208,172.8947243660122,81.61634770388434,488.45494291301543,106.57402687060696,55.56054468510423,246.49277882074546,1.2220240022656919,0.6289350198327428,2.9230814134195353
2088,Future Projection,High Impact,18,0.04560721611881839,0.0,0.1733074212515099,53.01654672991,8.08507908937005,105.5740178555173,0.1170574930025173,0.022110859789364383,0.30304884299540596,0.1041951646466911,0.029419811194359845,0.2819398572792819,4.394083833933152,2.119051684416247,6.06231393019262,467.46271135106105,106.06192340842152,1007.4715188612183,28.444815310234844,8.934419557605512,48.15186313242746,6.672100414095045,2.360360209254126,10.686527357805788,0.20735632103886714,0.09479146104633927,0.5249077155441036,7.129967166352676,6.720967166352676,7.669967166352677,352.01880158216966,141.8768075655851,596.4311164514903,22.115087778688533,20.32778013954033,24.020183600359395,0.3106765446500132,0.08049346838659432,1.453118929294835,0.06242938075913973,0.022701593003323542,0.22588085038306926,172.956357946681,81.64544233224011,488.62906752692425,106.60239983031823,55.57533644199075,246.55840203015177,1.2227787755816197,0.6293234764993403,2.9248868311912344
2089,Future Projection,High Impact,18,0.04562332425378175,0.0,0.17336863216437068,53.024802678264315,8.086338130169942,105.59045826313972,0.11709858255364672,0.02211862114902216,0.3031552192777743,0.10422431445370071,0.029428041728103736,0.28201873322766086,4.393740757290549,2.118886235334057,6.06184060324025,467.51593486025286,106.0739992117281,1007.5862256995234,28.45703977233639,8.938259219494334,48.17255690806149,6.67497376073879,2.361376700713241,10.691129521384136,0.20740545739852778,0.09481392338218411,0.5250321007288445,7.129936744460215,6.720936744460214,7.669936744460215,352.06043981707234,141.89358933921227,596.5016647824842,22.115869991793662,20.32849810419858,24.021034296049738,0.3108142461923286,0.08052914560437605,1.4537629969632102,0.062440663028363055,0.022705695646677477,0.2259216716844409,173.01498562215056,81.67311799882702,488.7946999832042,106.62938902445578,55.58940679638126,246.6208247578692,1.2234967381685582,0.6296929879107513,2.9266041976991914
2090,Future Projection,High Impact,18,0.045638646785732734,0.0,0.1734268577857844,53.032655979266096,8.087535766825448,105.60609686262096,0.11713766814372054,0.022126003982702768,0.30325640752763205,0.10425204260784679,0.029435870853980278,0.2820937623506443,4.393414412693245,2.1187288552988206,6.061390360715745,467.56656262827136,106.08548607115779,1007.6953382193109,28.468668040386078,8.941911618863115,48.19224143634858,6.677706972613111,2.3623436172989054,10.69550723479623,0.20745219734964976,0.09483529021698275,0.525150419576542,7.129907806260956,6.720907806260955,7.669907806260956,352.1000473312961,141.90955265608176,596.568772430775,22.11661405591549,20.329181053307256,24.021843502821696,0.3109452319511782,0.08056308282371434,1.4543756530807381,0.062451395054823416,0.022709598201753972,0.22596050210745203,173.07075399214722,81.69944390722716,488.95225444927,106.65506194006298,55.602790931490674,246.68020309323163,1.2241796853069449,0.6300444780379744,2.9282378072542126
2091,Future Projection,High Impact,18,0.04565322202898236,0.0,0.173482243710133,53.040126270258455,8.088674994052026,105.62097275860548,0.11717484750707272,0.02213302675133596,0.3033526607683105,0.10427841844395762,0.029443318148882156,0.2821651322601207,4.393103984109764,2.118579150778475,6.060962076778275,467.61472125090734,106.09641270984243,1007.799129258714,28.47972919111092,8.945385888612726,48.2109659388627,6.680306884171358,2.363263376806227,10.69967144460584,0.20749665776645676,0.09485561497895166,0.5252629679459448,7.129880279394328,6.720880279394328,7.669880279394329,352.13772316425707,141.92473743280064,596.6326072004383,22.117321831601892,20.329830694594868,24.022613244113682,0.3110698294591864,0.08059536490533466,1.4549584296068312,0.06246160367417704,0.02271331042697347,0.22599743874838601,173.1238025066445,81.7244858859241,489.10212489335333,106.67948277280126,55.615522314628244,246.73668551300625,1.2248293247203565,0.6303788257894103,2.9297917447310935
2092,Future Projection,High Impact,18,0.04566708642923066,0.0,0.17353492843107654,53.04723223085996,8.089758660511139,105.63512314858177,0.11721021361147752,0.02213970701550131,0.30344421968304736,0.10430350791536205,0.02945040223492576,0.2822330214180386,4.39280869530695,2.1184367474337416,6.060554680494913,467.66053114980207,106.10680645007014,1007.8978583493937,28.490250883149226,8.94869071622721,48.228777236613254,6.682779996546664,2.364138279113056,10.70363256350654,0.20753894982314913,0.09487494849058246,0.5253700272666004,7.129854095028829,6.7208540950288285,7.669854095028829,352.1735615251621,141.93918163922012,596.6933287116482,22.117995088660745,20.330448652503012,24.023345444679872,0.31118835027502323,0.08062607257125602,1.455512783786359,0.06247131441328972,0.022716841604832626,0.22603257396808468,173.1742638145604,81.74830655290833,489.24468606962836,106.70271258747272,55.62763278088328,246.79041325266283,1.2254472808457095,0.6306968672085919,2.9312698957829375
2093,Future Projection,High Impact,18,0.0456802746546999,0.0,0.17358504368785962,53.05399162967347,8.090789475933391,105.64858341589539,0.11724385489061734,0.02214606147933883,0.3035313132168205,0.10432737375880712,0.02945714082601613,0.28229759958265466,4.392527807908988,2.118301289182084,6.060167153162746,467.7041068735642,106.11669328160535,1007.9917723655025,28.5002594262116,8.95183436549701,48.24571986712212,6.685132493808151,2.364970511930875,10.70740049635883,0.20757917927189756,0.0948933390957246,0.525471865242575,7.129829187689904,6.720829187689903,7.669829187689904,352.2076520285808,141.95292139337988,596.7510887998112,22.118635510585374,20.331036472248343,24.02404193540307,0.31130109076246315,0.08065528260663818,1.4560401017935212,0.062480551554067364,0.022720200565115405,0.2260659956228983,173.22226409544876,81.77096547225499,489.3802944552926,106.72480947071392,55.63915261272951,246.84152065953612,1.2260350988951956,0.6309993975647273,2.932675956557308
2094,Future Projection,High Impact,18,0.04569281968282318,0.0,0.1736327147947281,53.0604213687168,8.091770017894266,105.66138721822574,0.11727585546521296,0.022152106032318007,0.30361415914882917,0.10435007565133259,0.02946355077214097,0.2823590282330177,4.392260619551076,2.118172437307315,6.059798525761591,467.7455573842006,106.12609792667674,1008.0811061409981,28.509779846868913,8.954824697182755,48.26183619579061,6.687370258424335,2.3657621562752196,10.71098466495747,0.20761744670727855,0.09491083278047019,0.5255687365218535,7.12980549509623,6.72080549509623,7.669805495096231,352.24007991852875,141.96599105182204,596.8060318952338,22.11924469876418,20.331595623686404,24.02470445787287,0.31140833283144853,0.08068306805178439,1.4565417021980027,0.0624893381941733,0.022723395706972113,0.22609778728437252,173.26792337501408,81.79251930306489,489.50928914194543,106.7458286762427,55.65011061574693,246.89013552876392,1.2265942487201191,0.631287173341288,2.9340134429385256
2095,Future Projection,High Impact,18,0.045704752882705243,0.0,0.17367806095427996,53.06653752568669,8.09270273825941,105.67356657174787,0.11730629535336927,0.02215785578896975,0.30369296463705603,0.10437167035949468,0.029469648101504386,0.2824174609727504,4.3920064621231445,2.1180498696126335,6.059447876530935,467.7849863295786,106.13504390179561,1008.1660830568514,28.51883595113177,8.957669188671249,48.27716652183499,6.689498885972355,2.3665151916692997,10.71439403159087,0.2076538478178131,0.09492747328814312,0.5256608833330925,7.129782958003988,6.720782958003987,7.669782958003988,352.27092628162177,141.97842329550045,596.8582953842727,22.11982417648492,20.33212750498704,24.025334668740534,0.31151034464301175,0.08070949838478032,1.457018839262087,0.06249769630478457,0.022726435019921665,0.22612802844822058,173.3113558252381,81.81302194114198,489.6319926834939,106.7658227630213,55.66053419065088,246.93637942284167,1.227126128486291,0.6315609141276112,2.9352856993392087
2096,Future Projection,High Impact,18,0.04571610409356151,0.0,0.17372119555553375,53.07235539416131,8.093589969315563,105.68515193118951,0.11733525067066206,0.02216332512668061,0.30376792673626957,0.10439221188131195,0.029475448060605734,0.28247304391413836,4.391764700099241,2.117933279614959,6.059114328665056,467.82249230259913,106.14355357655954,1008.2469155996145,28.527450383977953,8.960374952672849,48.2917491790556,6.691523699129836,2.3672315010938396,10.71763712145147,0.20768847362523807,0.09494330222868025,0.5257485360913169,7.129761520058702,6.720761520058702,7.669761520058703,352.3002682498346,141.99024921149987,596.9080099528736,22.120375392743725,20.332633446130547,24.025934143861495,0.3116073812798173,0.08073463969522539,1.457472706076964,0.06250564678553125,0.022729326103829547,0.22615679473310402,173.35267004986937,81.83252465376081,489.7487119027052,106.78484172668115,55.670449401808,246.9803679755919,1.2276320681701702,0.6318213044182477,2.936495907063048
2097,Future Projection,High Impact,18,0.045726901699331704,0.0,0.17376222645746048,53.07788952184224,8.094433929602507,105.6961722659838,0.1173627938204667,0.02216852772164371,0.3038392328907638,0.10441175158128857,0.02948096515236384,0.2825259160434868,4.391534728948377,2.1178223757785686,6.058797048120553,467.85816908773074,106.15164822958792,1008.3238058927477,28.535644685976624,8.962948755006925,48.30562063169125,6.693449760984347,2.367912875695508,10.720722043953172,0.20772141071210776,0.09495835918267784,0.5258319139740786,7.129741127654347,6.720741127654346,7.669741127654347,352.3281791933714,142.00149837077018,596.9552999133532,22.120899725868366,20.333114712233318,24.02650438223581,0.31169968538400133,0.08075855484949125,1.4579044375460792,0.06251320951675642,0.022732076187911423,0.22618415806971867,173.39196935598906,81.85107620786142,489.8597386584238,106.80293312453789,55.679881042410784,247.02221118130913,1.2281133328844986,0.6320689953245555,2.9376470922597218
2098,Future Projection,High Impact,18,0.045737172699654466,0.0,0.17380125625868698,53.08315374693129,8.09523672946056,105.706655132708,0.1173889936750043,0.022173476583056368,0.3039070614030667,0.10443033831885225,0.029486213172381818,0.28257620956865914,4.39131597362289,2.1177168807861038,6.0584952415308,467.89210589551965,106.15934810172965,1008.3969462020347,28.543439347151,8.965397031519949,48.31881556559885,6.695281887693767,2.3685610192657234,10.723656513009097,0.20775274143829559,0.0949726818003637,0.5259112254695139,7.129721729799288,6.720721729799287,7.669721729799288,352.3547289041293,142.01219890206903,597.0002835152449,22.121398486964765,20.333572506711285,24.02704680975644,0.31178748776390336,0.08078130364792041,1.4583151132229846,0.06252040340922738,0.022734692148809958,0.22621018688065908,173.42935201233257,81.86872299199214,489.9653505753701,106.82014219450957,55.68885269647347,247.06201366980278,1.228571126041742,0.6323046062028166,2.9387421334918473
2099,Future Projection,High Impact,18,0.045746942777380534,0.0,0.17383838255404607,53.088161232733185,8.096000376307526,105.71662674398917,0.11741391574755812,0.02217818408564987,0.3039715818797894,0.1044480185705283,0.02949120524344329,0.28262405024966486,4.391107887120519,2.117616530845134,6.058208154222119,467.924387585662,106.16667244667575,1008.4665194163455,28.55085385821409,8.967725904178447,48.331366974986096,6.6970246605291806,2.369177552501013,10.726447866320377,0.20778254414693642,0.09498630589574236,0.5259866688976733,7.1297032779887815,6.720703277988782,7.669703277988782,352.37998377021404,142.0223775622983,597.0430732409843,22.121872923195454,20.334007974289104,24.02756278277472,0.31187100797120737,0.08080294297435826,1.4587057600107838,0.06252724645142246,0.022737180527789985,0.2262349462515104,173.46491149501253,81.88550913230509,490.0658117383474,106.83651196823493,55.69738679780434,247.0998749680263,1.229006592363247,0.6325287262029511,2.939783768932887
2100,Future Projection,High Impact,18,0.04575623636279323,0.0,0.1738736981786143,53.09292450057072,8.096726779658285,105.7261120340495,0.11743762235629085,0.02218266200063272,0.30403295565573074,0.10446483654615513,0.02949595384832616,0.28266955771312574,4.390909949116624,2.1175210750285367,6.057935068326701,467.955094879198,106.17363957910366,1008.532699504955,28.55790675930558,8.969941196377128,48.3433062449142,6.698682437330446,2.369764017055603,10.729103083724246,0.20781089336032538,0.09499926553614875,0.5260584329064236,7.129685726083695,6.720685726083695,7.669685726083696,352.4040069419458,142.03205980341033,597.0837760871739,22.122324220898136,20.33442220386254,24.028053591491958,0.31195045484993533,0.08082352693839233,1.4590773547299252,0.0625337557545115,0.022739547547095097,0.22625849809359622,173.4987367212577,81.90147660289456,490.161373352591,106.8520833786749,55.70550468610194,247.13588974894628,1.2294208207416415,0.6327419157416981,2.9407746032140065
